USE FinanCareDB
SET IDENTITY_INSERT [dbo].[Partneri] ON;
INSERT INTO [dbo].[Partneri] ([IDPartneri], [EmriBiznesit], [NUI], [NRF], [TVSH], [Email], [Adresa], [NrKontaktit], [LlojiPartnerit], [ShkurtesaPartnerit], [isDeleted]) VALUES (4, 'Passable SH.P.K.', '810497453', '0', '330051152', 'info@passable.com', 'Magjistralja Prishtine - Shkup KM. 4, Llapnaselle,Graqanic', '038501000', 'F', 'PSB', 'false');
INSERT INTO [dbo].[Partneri] ([IDPartneri], [EmriBiznesit], [NUI], [NRF], [TVSH], [Email], [Adresa], [NrKontaktit], [LlojiPartnerit], [ShkurtesaPartnerit], [isDeleted]) VALUES (5, 'Meridian Corporation SH.P.K.', '810482521', '600117883', '330076978', 'meridian@meridian-ks.com', 'Rruga Hyrije Hana, p.n, Prishtinë', '+38349770350', 'F', 'MC', 'false');
INSERT INTO [dbo].[Partneri] ([IDPartneri], [EmriBiznesit], [NUI], [NRF], [TVSH], [Email], [Adresa], [NrKontaktit], [LlojiPartnerit], [ShkurtesaPartnerit], [isDeleted]) VALUES (6, 'ALBI COMMERCE SH.P.K.', '810443424', '600245006', '330004515', NULL, 'Zona e Re Industriale - Veternik P.N., Prishtinë', '+38349771112', 'F', 'ALB', 'false');
INSERT INTO [dbo].[Partneri] ([IDPartneri], [EmriBiznesit], [NUI], [NRF], [TVSH], [Email], [Adresa], [NrKontaktit], [LlojiPartnerit], [ShkurtesaPartnerit], [isDeleted]) VALUES (7, 'Elkos SH.P.K.', '810413584', '600052386', '330064668', 'ardita.sadiku@elkosgroup.com', 'Zahir Pajaziti, PN, Peje', '+38349772164', 'F', 'ELK', 'false');
INSERT INTO [dbo].[Partneri] ([IDPartneri], [EmriBiznesit], [NUI], [NRF], [TVSH], [Email], [Adresa], [NrKontaktit], [LlojiPartnerit], [ShkurtesaPartnerit], [isDeleted]) VALUES (8, 'BUÇAJ SH.P.K.', '810535990', '600018221', '330019209', NULL, 'Magjistralja Prishtinë-Shkup ,km 10, Graçanicë', '049153114', 'F', 'BUC', 'false');
INSERT INTO [dbo].[Partneri] ([IDPartneri], [EmriBiznesit], [NUI], [NRF], [TVSH], [Email], [Adresa], [NrKontaktit], [LlojiPartnerit], [ShkurtesaPartnerit], [isDeleted]) VALUES (9, 'MIGROS GROUP SH.P.K.', '810820771', '600875085', '330177742', NULL, 'Zona Industriale, Prishtinë', '044161940', 'F', 'MG', 'false');
INSERT INTO [dbo].[Partneri] ([IDPartneri], [EmriBiznesit], [NUI], [NRF], [TVSH], [Email], [Adresa], [NrKontaktit], [LlojiPartnerit], [ShkurtesaPartnerit], [isDeleted]) VALUES (10, 'Pestova SH.P.K.', '810535081', '600161658', '330008179', NULL, 'Vushtrri, P.N.', NULL, 'F', 'PES', 'false');
INSERT INTO [dbo].[Partneri] ([IDPartneri], [EmriBiznesit], [NUI], [NRF], [TVSH], [Email], [Adresa], [NrKontaktit], [LlojiPartnerit], [ShkurtesaPartnerit], [isDeleted]) VALUES (11, 'Magic Ice Joint Stock Company SH.A.', '810379471', '600133871', '330065898', NULL, 'Industrial Zone, Lipjan', NULL, 'F', 'MI', 'false');
INSERT INTO [dbo].[Partneri] ([IDPartneri], [EmriBiznesit], [NUI], [NRF], [TVSH], [Email], [Adresa], [NrKontaktit], [LlojiPartnerit], [ShkurtesaPartnerit], [isDeleted]) VALUES (12, 'Kosmonte Foods SH.P.K.', '810828858', '600978582', '0', 'hr@kosmontefoods.com', 'Rruga Antenës, Fushë Kosovë', '+38349911912', 'F', 'KF', 'false');
INSERT INTO [dbo].[Partneri] ([IDPartneri], [EmriBiznesit], [NUI], [NRF], [TVSH], [Email], [Adresa], [NrKontaktit], [LlojiPartnerit], [ShkurtesaPartnerit], [isDeleted]) VALUES (13, 'Kajmak SH.P.K.', '810596679', '600017710', '330071978', NULL, 'Prizren, P.N.', '044126560', 'F', 'KJM', 'false');
INSERT INTO [dbo].[Partneri] ([IDPartneri], [EmriBiznesit], [NUI], [NRF], [TVSH], [Email], [Adresa], [NrKontaktit], [LlojiPartnerit], [ShkurtesaPartnerit], [isDeleted]) VALUES (14, 'BESA NJË SH.P.K.', '812085688', '0', '0', 'supermarketbesa1978@gmail.com', 'Rr. Agim Bajrami, P.N., Kaçanik', '+38344279504', 'B', 'BESA', 'false');
INSERT INTO [dbo].[Partneri] ([IDPartneri], [EmriBiznesit], [NUI], [NRF], [TVSH], [Email], [Adresa], [NrKontaktit], [LlojiPartnerit], [ShkurtesaPartnerit], [isDeleted]) VALUES (15, 'Rilind Kyçyku', '0', '0', '0', 'rilindkycyku@gmail.com', 'Komandant Zefi 69, Kaçanik', '+38343710410', 'B', 'RK', 'false');
SET IDENTITY_INSERT [dbo].[Partneri] OFF;
SET IDENTITY_INSERT [dbo].[Kartelat] ON;
INSERT INTO [dbo].[Kartelat] ([IDKartela], [KodiKartela], [LlojiKarteles], [Rabati], [StafiID], [PartneriID], [DataKrijimit]) VALUES (4, 'B000014000003', 'Bonus', 2, 9, 14, '2024-10-05T11:31:38.793Z');
INSERT INTO [dbo].[Kartelat] ([IDKartela], [KodiKartela], [LlojiKarteles], [Rabati], [StafiID], [PartneriID], [DataKrijimit]) VALUES (5, 'B000015000004', 'Bonus', 4, 9, 15, '2024-10-05T11:35:21.420Z');
SET IDENTITY_INSERT [dbo].[Kartelat] OFF;
SET IDENTITY_INSERT [dbo].[Produkti] ON;
INSERT INTO [dbo].[Produkti] ([ProduktiID], [EmriProduktit], [IDPartneri], [IDNjesiaMatese], [Barkodi], [KodiProduktit], [LlojiTVSH], [IDGrupiProduktit], [SasiaShumices], [isDeleted]) VALUES (1, 'STR8 Deo Rise 150ml', 4, 2, '5201314107231', 'PSB0001', 18, 5, 6, 'false');
INSERT INTO [dbo].[Produkti] ([ProduktiID], [EmriProduktit], [IDPartneri], [IDNjesiaMatese], [Barkodi], [KodiProduktit], [LlojiTVSH], [IDGrupiProduktit], [SasiaShumices], [isDeleted]) VALUES (2, 'STR8 Deo FR34K 150ml', 4, 2, '5201314145073', 'PSB0002', 18, 5, 6, 'false');
INSERT INTO [dbo].[Produkti] ([ProduktiID], [EmriProduktit], [IDPartneri], [IDNjesiaMatese], [Barkodi], [KodiProduktit], [LlojiTVSH], [IDGrupiProduktit], [SasiaShumices], [isDeleted]) VALUES (3, 'STR8 Deo Original150ml LF', 4, 2, '5201314153542', 'PSB0003', 18, 5, 6, 'false');
INSERT INTO [dbo].[Produkti] ([ProduktiID], [EmriProduktit], [IDPartneri], [IDNjesiaMatese], [Barkodi], [KodiProduktit], [LlojiTVSH], [IDGrupiProduktit], [SasiaShumices], [isDeleted]) VALUES (4, 'STR8 Deo Original 150ml LF', 4, 2, '5201314153573', 'PSB0004', 18, 5, 6, 'false');
INSERT INTO [dbo].[Produkti] ([ProduktiID], [EmriProduktit], [IDPartneri], [IDNjesiaMatese], [Barkodi], [KodiProduktit], [LlojiTVSH], [IDGrupiProduktit], [SasiaShumices], [isDeleted]) VALUES (5, 'STR8 Deo Spray Game 150ml 23', 4, 2, '5201314170457', 'PSB0005', 18, 5, 6, 'false');
INSERT INTO [dbo].[Produkti] ([ProduktiID], [EmriProduktit], [IDPartneri], [IDNjesiaMatese], [Barkodi], [KodiProduktit], [LlojiTVSH], [IDGrupiProduktit], [SasiaShumices], [isDeleted]) VALUES (6, 'Xtreme3 Myl Comfort 12''s Tear Strip', 4, 2, '4027800319107', 'PSB0006', 18, 5, 12, 'false');
INSERT INTO [dbo].[Produkti] ([ProduktiID], [EmriProduktit], [IDPartneri], [IDNjesiaMatese], [Barkodi], [KodiProduktit], [LlojiTVSH], [IDGrupiProduktit], [SasiaShumices], [isDeleted]) VALUES (7, 'Vanille 5+1 8g Dr. Oetker', 4, 2, '5997381367240', 'PSB0007', 18, 1, 56, 'false');
INSERT INTO [dbo].[Produkti] ([ProduktiID], [EmriProduktit], [IDPartneri], [IDNjesiaMatese], [Barkodi], [KodiProduktit], [LlojiTVSH], [IDGrupiProduktit], [SasiaShumices], [isDeleted]) VALUES (8, 'Puding Vanilla 38gr Dr. Oetker', 4, 2, '5997381312363', 'PSB0008', 18, 1, 30, 'false');
INSERT INTO [dbo].[Produkti] ([ProduktiID], [EmriProduktit], [IDPartneri], [IDNjesiaMatese], [Barkodi], [KodiProduktit], [LlojiTVSH], [IDGrupiProduktit], [SasiaShumices], [isDeleted]) VALUES (9, 'Beer Tuborg 0.5L', 5, 2, '3890000508180', 'MC0001', 18, 8, 12, 'false');
INSERT INTO [dbo].[Produkti] ([ProduktiID], [EmriProduktit], [IDPartneri], [IDNjesiaMatese], [Barkodi], [KodiProduktit], [LlojiTVSH], [IDGrupiProduktit], [SasiaShumices], [isDeleted]) VALUES (10, 'Lezita Chicken Nugget 500gr', 5, 2, '8696425017796', 'MC0003', 18, 1, 24, 'false');
INSERT INTO [dbo].[Produkti] ([ProduktiID], [EmriProduktit], [IDPartneri], [IDNjesiaMatese], [Barkodi], [KodiProduktit], [LlojiTVSH], [IDGrupiProduktit], [SasiaShumices], [isDeleted]) VALUES (11, 'Lezita Chicken Nugget 1KG', 5, 2, '8696425017789', 'MC0002', 18, 1, 12, 'false');
INSERT INTO [dbo].[Produkti] ([ProduktiID], [EmriProduktit], [IDPartneri], [IDNjesiaMatese], [Barkodi], [KodiProduktit], [LlojiTVSH], [IDGrupiProduktit], [SasiaShumices], [isDeleted]) VALUES (12, 'GULLON Biskota me Fruta 300gr', 6, 2, '841037640425', 'ALB0005', 18, 1, 16, 'false');
INSERT INTO [dbo].[Produkti] ([ProduktiID], [EmriProduktit], [IDPartneri], [IDNjesiaMatese], [Barkodi], [KodiProduktit], [LlojiTVSH], [IDGrupiProduktit], [SasiaShumices], [isDeleted]) VALUES (13, 'HOPLA pa sheqel 1L', 6, 2, '8000005430019', 'ALB0005', 18, 1, 12, 'false');
INSERT INTO [dbo].[Produkti] ([ProduktiID], [EmriProduktit], [IDPartneri], [IDNjesiaMatese], [Barkodi], [KodiProduktit], [LlojiTVSH], [IDGrupiProduktit], [SasiaShumices], [isDeleted]) VALUES (14, 'FRONDI maxi limon 250gr', 6, 2, '3850102002283', 'ALB0005', 18, 1, 24, 'false');
INSERT INTO [dbo].[Produkti] ([ProduktiID], [EmriProduktit], [IDPartneri], [IDNjesiaMatese], [Barkodi], [KodiProduktit], [LlojiTVSH], [IDGrupiProduktit], [SasiaShumices], [isDeleted]) VALUES (15, 'ALBRED Slim Tea Acai Berry', 6, 2, '3904424231251', 'ALB0004', 18, 1, 30, 'false');
INSERT INTO [dbo].[Produkti] ([ProduktiID], [EmriProduktit], [IDPartneri], [IDNjesiaMatese], [Barkodi], [KodiProduktit], [LlojiTVSH], [IDGrupiProduktit], [SasiaShumices], [isDeleted]) VALUES (16, 'ALBRED Slim Tea Blueberry', 6, 2, '3904434241268', 'ALB0005', 18, 1, 30, 'false');
INSERT INTO [dbo].[Produkti] ([ProduktiID], [EmriProduktit], [IDPartneri], [IDNjesiaMatese], [Barkodi], [KodiProduktit], [LlojiTVSH], [IDGrupiProduktit], [SasiaShumices], [isDeleted]) VALUES (17, 'Mish pule pjek Kotanyi 40g', 9, 2, '9001414501696', 'MG0001', 18, 1, 25, 'false');
INSERT INTO [dbo].[Produkti] ([ProduktiID], [EmriProduktit], [IDPartneri], [IDNjesiaMatese], [Barkodi], [KodiProduktit], [LlojiTVSH], [IDGrupiProduktit], [SasiaShumices], [isDeleted]) VALUES (18, 'Vaj luledielli 1/1 Zvijezda', 9, 2, '3858882219617', 'MG0002', 8, 1, 15, 'false');
INSERT INTO [dbo].[Produkti] ([ProduktiID], [EmriProduktit], [IDPartneri], [IDNjesiaMatese], [Barkodi], [KodiProduktit], [LlojiTVSH], [IDGrupiProduktit], [SasiaShumices], [isDeleted]) VALUES (19, 'Hudhra Kotanyi 70g', 9, 2, '9001414502129', 'MG0003', 18, 1, 4, 'false');
INSERT INTO [dbo].[Produkti] ([ProduktiID], [EmriProduktit], [IDPartneri], [IDNjesiaMatese], [Barkodi], [KodiProduktit], [LlojiTVSH], [IDGrupiProduktit], [SasiaShumices], [isDeleted]) VALUES (20, 'Mish pule pjek Kotanyi 110g', 9, 2, '9001414502167', 'MG0004', 18, 1, 4, 'false');
INSERT INTO [dbo].[Produkti] ([ProduktiID], [EmriProduktit], [IDPartneri], [IDNjesiaMatese], [Barkodi], [KodiProduktit], [LlojiTVSH], [IDGrupiProduktit], [SasiaShumices], [isDeleted]) VALUES (21, 'Chips Classic 130g', 10, 2, '3902634650637', 'PES0001', 18, 1, 12, 'false');
INSERT INTO [dbo].[Produkti] ([ProduktiID], [EmriProduktit], [IDPartneri], [IDNjesiaMatese], [Barkodi], [KodiProduktit], [LlojiTVSH], [IDGrupiProduktit], [SasiaShumices], [isDeleted]) VALUES (22, 'Chips Ribbed Ketchup 130g', 10, 2, '3902634650095', 'PES0002', 18, 1, 12, 'false');
INSERT INTO [dbo].[Produkti] ([ProduktiID], [EmriProduktit], [IDPartneri], [IDNjesiaMatese], [Barkodi], [KodiProduktit], [LlojiTVSH], [IDGrupiProduktit], [SasiaShumices], [isDeleted]) VALUES (23, 'Schmand Magic Ice 400gr 18%', 11, 2, '3901470400956', 'MI0001', 8, 1, 12, 'false');
INSERT INTO [dbo].[Produkti] ([ProduktiID], [EmriProduktit], [IDPartneri], [IDNjesiaMatese], [Barkodi], [KodiProduktit], [LlojiTVSH], [IDGrupiProduktit], [SasiaShumices], [isDeleted]) VALUES (24, 'Schmand Magic Ice 180gr 18%', 11, 2, '3901470400963', 'MI0002', 8, 1, 20, 'false');
INSERT INTO [dbo].[Produkti] ([ProduktiID], [EmriProduktit], [IDPartneri], [IDNjesiaMatese], [Barkodi], [KodiProduktit], [LlojiTVSH], [IDGrupiProduktit], [SasiaShumices], [isDeleted]) VALUES (25, 'Perutnina copeza pule 400gr', 12, 2, '3838977041460', 'KF0001', 18, 1, 14, 'false');
INSERT INTO [dbo].[Produkti] ([ProduktiID], [EmriProduktit], [IDPartneri], [IDNjesiaMatese], [Barkodi], [KodiProduktit], [LlojiTVSH], [IDGrupiProduktit], [SasiaShumices], [isDeleted]) VALUES (26, 'Perutnina stejk pule 900gr', 12, 2, '3838977019704', 'KF0002', 18, 1, 8, 'false');
SET IDENTITY_INSERT [dbo].[Produkti] OFF;
SET IDENTITY_INSERT [dbo].[Faturat] ON;
INSERT INTO [dbo].[Faturat] ([IDRegjistrimit], [DataRegjistrimit], [StafiID], [TotaliPaTVSH], [TVSH], [IDPartneri], [StatusiPageses], [LlojiPageses], [LlojiKalkulimit], [NrFatures], [StatusiKalkulimit], [PershkrimShtese], [Rabati], [NrRendorFatures], [EshteFaturuarOferta], [IDBonusKartela]) VALUES (1, '2024-09-06T00:00:00.000Z', 9, 160.42, 28.88, 4, 'E Paguar', 'Cash', 'HYRJE', 'PSI-24-0011724', 'true', N'Tot - TVSH: 160.36€, TVSH: 28.86€, Tot Fat: 189.22€', 0, 1, 'false', NULL);
INSERT INTO [dbo].[Faturat] ([IDRegjistrimit], [DataRegjistrimit], [StafiID], [TotaliPaTVSH], [TVSH], [IDPartneri], [StatusiPageses], [LlojiPageses], [LlojiKalkulimit], [NrFatures], [StatusiKalkulimit], [PershkrimShtese], [Rabati], [NrRendorFatures], [EshteFaturuarOferta], [IDBonusKartela]) VALUES (2, '2024-09-06T00:00:00.000Z', 9, 189.3, 0, 4, 'E Paguar', 'Cash', 'PAGES', 'PAGES-PSI-24-0011724', 'true', 'Pagese per Faturen: PSI-24-0011724', 0, 2, 'false', NULL);
INSERT INTO [dbo].[Faturat] ([IDRegjistrimit], [DataRegjistrimit], [StafiID], [TotaliPaTVSH], [TVSH], [IDPartneri], [StatusiPageses], [LlojiPageses], [LlojiKalkulimit], [NrFatures], [StatusiKalkulimit], [PershkrimShtese], [Rabati], [NrRendorFatures], [EshteFaturuarOferta], [IDBonusKartela]) VALUES (3, '2024-09-02T00:00:00.000Z', 9, 90.78, 16.34, 5, 'Pa Paguar', 'Borxh', 'HYRJE', '24033692', 'true', N'Tot - TVSH: 90.81€, TVSH: 16.35€, Tot Fat: 107.16€', 0, 2, 'false', NULL);
INSERT INTO [dbo].[Faturat] ([IDRegjistrimit], [DataRegjistrimit], [StafiID], [TotaliPaTVSH], [TVSH], [IDPartneri], [StatusiPageses], [LlojiPageses], [LlojiKalkulimit], [NrFatures], [StatusiKalkulimit], [PershkrimShtese], [Rabati], [NrRendorFatures], [EshteFaturuarOferta], [IDBonusKartela]) VALUES (4, '2024-09-02T00:00:00.000Z', 9, 190.48, 34.29, 6, 'Pa Paguar', 'Borxh', 'HYRJE', 'P-M-240902-364519', 'true', N'Tot - TVSH: 203.19€, TVSH: 36.57€, Tot Fat: 239.76€', 0, 3, 'false', NULL);
INSERT INTO [dbo].[Faturat] ([IDRegjistrimit], [DataRegjistrimit], [StafiID], [TotaliPaTVSH], [TVSH], [IDPartneri], [StatusiPageses], [LlojiPageses], [LlojiKalkulimit], [NrFatures], [StatusiKalkulimit], [PershkrimShtese], [Rabati], [NrRendorFatures], [EshteFaturuarOferta], [IDBonusKartela]) VALUES (5, '2024-09-02T00:00:00.000Z', 9, 101.08, 18.2, 6, 'Pa Paguar', 'Borxh', 'HYRJE', 'P-M-240902-364796', 'false', N'Tot - TVSH: 144.41€, TVSH: 25.99€, Tot Fat: 170.40€', 0, 4, 'false', NULL);
INSERT INTO [dbo].[Faturat] ([IDRegjistrimit], [DataRegjistrimit], [StafiID], [TotaliPaTVSH], [TVSH], [IDPartneri], [StatusiPageses], [LlojiPageses], [LlojiKalkulimit], [NrFatures], [StatusiKalkulimit], [PershkrimShtese], [Rabati], [NrRendorFatures], [EshteFaturuarOferta], [IDBonusKartela]) VALUES (6, '2024-09-05T00:00:00.000Z', 9, 112.7, 12.2, 9, 'Pa Paguar', 'Borxh', 'HYRJE', '24-PF1-M112-501954', 'true', N'Tot - TVSH: 121.97€, TVSH: 12.30€, Tot Fat: 134.27€', 0, 5, 'false', NULL);
INSERT INTO [dbo].[Faturat] ([IDRegjistrimit], [DataRegjistrimit], [StafiID], [TotaliPaTVSH], [TVSH], [IDPartneri], [StatusiPageses], [LlojiPageses], [LlojiKalkulimit], [NrFatures], [StatusiKalkulimit], [PershkrimShtese], [Rabati], [NrRendorFatures], [EshteFaturuarOferta], [IDBonusKartela]) VALUES (7, '2024-09-05T00:00:00.000Z', 9, 100.25, 18.05, 10, 'Pa Paguar', 'Borxh', 'HYRJE', 'pes018060910', 'true', N'Tot - TVSH: 94.58€, TVSH: 17.02€, Tot Fat: 111.60€', 0, 6, 'false', NULL);
INSERT INTO [dbo].[Faturat] ([IDRegjistrimit], [DataRegjistrimit], [StafiID], [TotaliPaTVSH], [TVSH], [IDPartneri], [StatusiPageses], [LlojiPageses], [LlojiKalkulimit], [NrFatures], [StatusiKalkulimit], [PershkrimShtese], [Rabati], [NrRendorFatures], [EshteFaturuarOferta], [IDBonusKartela]) VALUES (8, '2024-09-05T00:00:00.000Z', 9, 25.93, 2.07, 11, 'Pa Paguar', 'Borxh', 'HYRJE', '24-SHV01-L01-17130', 'true', N'Tot - TVSH: 25.93€, TVSH: 2.07€, Tot Fat: 28.00€', 0, 7, 'false', NULL);
INSERT INTO [dbo].[Faturat] ([IDRegjistrimit], [DataRegjistrimit], [StafiID], [TotaliPaTVSH], [TVSH], [IDPartneri], [StatusiPageses], [LlojiPageses], [LlojiKalkulimit], [NrFatures], [StatusiKalkulimit], [PershkrimShtese], [Rabati], [NrRendorFatures], [EshteFaturuarOferta], [IDBonusKartela]) VALUES (9, '2025-09-07T00:00:00.000Z', 9, 72.29, 13.01, 12, 'Pa Paguar', 'Borxh', 'HYRJE', '302-82/6347', 'false', N'Tot - TVSH: 0.00€, TVSH: 0.00€, Tot Fat: 0.00€', 0, 8, 'false', NULL);
INSERT INTO [dbo].[Faturat] ([IDRegjistrimit], [DataRegjistrimit], [StafiID], [TotaliPaTVSH], [TVSH], [IDPartneri], [StatusiPageses], [LlojiPageses], [LlojiKalkulimit], [NrFatures], [StatusiKalkulimit], [PershkrimShtese], [Rabati], [NrRendorFatures], [EshteFaturuarOferta], [IDBonusKartela]) VALUES (10, '2024-10-04T00:00:00.000Z', 9, 120, 17.23, 8, 'Pa Paguar', 'Borxh', 'HYRJE', 'DSD-FE1-BQK1231', 'false', N'Tot - TVSH: 0.00€, TVSH: 0.00€, Tot Fat: 0.00€', 0, 9, 'false', NULL);
INSERT INTO [dbo].[Faturat] ([IDRegjistrimit], [DataRegjistrimit], [StafiID], [TotaliPaTVSH], [TVSH], [IDPartneri], [StatusiPageses], [LlojiPageses], [LlojiKalkulimit], [NrFatures], [StatusiKalkulimit], [PershkrimShtese], [Rabati], [NrRendorFatures], [EshteFaturuarOferta], [IDBonusKartela]) VALUES (14, '2024-10-05T10:59:59.489Z', 9, 0, 0, 1, 'E Paguar', 'Cash', 'PARAGON', '051024-9-1', 'false', '', 0, 1, 'false', NULL);
INSERT INTO [dbo].[Faturat] ([IDRegjistrimit], [DataRegjistrimit], [StafiID], [TotaliPaTVSH], [TVSH], [IDPartneri], [StatusiPageses], [LlojiPageses], [LlojiKalkulimit], [NrFatures], [StatusiKalkulimit], [PershkrimShtese], [Rabati], [NrRendorFatures], [EshteFaturuarOferta], [IDBonusKartela]) VALUES (15, '2024-10-05T00:00:00.000Z', 9, -13.54, -2.44, 5, 'E Paguar', 'Cash', 'KMB', '1', 'true', '24033692', 0, 1, 'false', NULL);
INSERT INTO [dbo].[Faturat] ([IDRegjistrimit], [DataRegjistrimit], [StafiID], [TotaliPaTVSH], [TVSH], [IDPartneri], [StatusiPageses], [LlojiPageses], [LlojiKalkulimit], [NrFatures], [StatusiKalkulimit], [PershkrimShtese], [Rabati], [NrRendorFatures], [EshteFaturuarOferta], [IDBonusKartela]) VALUES (17, '2024-10-05T12:14:24.795Z', 7, 133.8, 20.47, 14, 'E Paguar', 'Cash', 'OFERTE', '1', 'true', '', 3.81, 1, 'true', 4);
INSERT INTO [dbo].[Faturat] ([IDRegjistrimit], [DataRegjistrimit], [StafiID], [TotaliPaTVSH], [TVSH], [IDPartneri], [StatusiPageses], [LlojiPageses], [LlojiKalkulimit], [NrFatures], [StatusiKalkulimit], [PershkrimShtese], [Rabati], [NrRendorFatures], [EshteFaturuarOferta], [IDBonusKartela]) VALUES (18, '2024-10-05T12:14:24.795Z', 7, 133.8, 20.47, 14, 'Pa Paguar', 'Cash', 'FAT', '1', 'true', ' Referenti: komercialist.komercialist, Nr. Ofertes: FC-051024-OFERTE-1', 3.81, 1, 'false', 4);
INSERT INTO [dbo].[Faturat] ([IDRegjistrimit], [DataRegjistrimit], [StafiID], [TotaliPaTVSH], [TVSH], [IDPartneri], [StatusiPageses], [LlojiPageses], [LlojiKalkulimit], [NrFatures], [StatusiKalkulimit], [PershkrimShtese], [Rabati], [NrRendorFatures], [EshteFaturuarOferta], [IDBonusKartela]) VALUES (19, '2024-10-05T12:20:36.583Z', 4, -36.91, -8.1, 14, 'E Paguar', 'Cash', 'FL', '1', 'true', 'Flete Lejimi per munges malli, Vlene per Faturen Nr: <strong>FC-051024-FAT-1</strong>', -0.92, 1, 'false', 4);
INSERT INTO [dbo].[Faturat] ([IDRegjistrimit], [DataRegjistrimit], [StafiID], [TotaliPaTVSH], [TVSH], [IDPartneri], [StatusiPageses], [LlojiPageses], [LlojiKalkulimit], [NrFatures], [StatusiKalkulimit], [PershkrimShtese], [Rabati], [NrRendorFatures], [EshteFaturuarOferta], [IDBonusKartela]) VALUES (23, '2024-10-05T13:04:53.995Z', 10, 6.66, 1.2, 15, 'E Paguar', 'Borxh', 'PARAGON', '051024-10-1', 'true', '', 0.33, 1, 'false', 5);
INSERT INTO [dbo].[Faturat] ([IDRegjistrimit], [DataRegjistrimit], [StafiID], [TotaliPaTVSH], [TVSH], [IDPartneri], [StatusiPageses], [LlojiPageses], [LlojiKalkulimit], [NrFatures], [StatusiKalkulimit], [PershkrimShtese], [Rabati], [NrRendorFatures], [EshteFaturuarOferta], [IDBonusKartela]) VALUES (24, '2024-10-05T13:07:26.881Z', 10, 5.27, 0.88, 1, 'E Paguar', 'Cash', 'PARAGON', '051024-10-2', 'true', '', 0, 2, 'false', NULL);
INSERT INTO [dbo].[Faturat] ([IDRegjistrimit], [DataRegjistrimit], [StafiID], [TotaliPaTVSH], [TVSH], [IDPartneri], [StatusiPageses], [LlojiPageses], [LlojiKalkulimit], [NrFatures], [StatusiKalkulimit], [PershkrimShtese], [Rabati], [NrRendorFatures], [EshteFaturuarOferta], [IDBonusKartela]) VALUES (25, '2024-10-05T13:07:59.120Z', 10, 8.53, 1.54, 15, 'E Paguar', 'Banke', 'PARAGON', '051024-10-3', 'true', '', 0.42, 3, 'false', 5);
INSERT INTO [dbo].[Faturat] ([IDRegjistrimit], [DataRegjistrimit], [StafiID], [TotaliPaTVSH], [TVSH], [IDPartneri], [StatusiPageses], [LlojiPageses], [LlojiKalkulimit], [NrFatures], [StatusiKalkulimit], [PershkrimShtese], [Rabati], [NrRendorFatures], [EshteFaturuarOferta], [IDBonusKartela]) VALUES (26, '2024-10-05T13:07:59.120Z', 10, 9.65, 0, 15, 'E Paguar', 'Banke', 'PAGES', 'PAGES-051024-10-3', 'true', ' Pagese per Faturen: 051024-10-3', 0, 4, 'false', NULL);
INSERT INTO [dbo].[Faturat] ([IDRegjistrimit], [DataRegjistrimit], [StafiID], [TotaliPaTVSH], [TVSH], [IDPartneri], [StatusiPageses], [LlojiPageses], [LlojiKalkulimit], [NrFatures], [StatusiKalkulimit], [PershkrimShtese], [Rabati], [NrRendorFatures], [EshteFaturuarOferta], [IDBonusKartela]) VALUES (27, '2024-10-05T13:08:11.250Z', 10, 0, 0, 1, 'E Paguar', 'Cash', 'PARAGON', '051024-10-4', 'false', '', 0, 4, 'false', NULL);
INSERT INTO [dbo].[Faturat] ([IDRegjistrimit], [DataRegjistrimit], [StafiID], [TotaliPaTVSH], [TVSH], [IDPartneri], [StatusiPageses], [LlojiPageses], [LlojiKalkulimit], [NrFatures], [StatusiKalkulimit], [PershkrimShtese], [Rabati], [NrRendorFatures], [EshteFaturuarOferta], [IDBonusKartela]) VALUES (28, '2024-10-05T00:00:00.000Z', 10, 6.73, 1.21, 1, 'E Paguar', 'Cash', 'KMSH', '', 'true', '', 0, 1, 'false', NULL);
INSERT INTO [dbo].[Faturat] ([IDRegjistrimit], [DataRegjistrimit], [StafiID], [TotaliPaTVSH], [TVSH], [IDPartneri], [StatusiPageses], [LlojiPageses], [LlojiKalkulimit], [NrFatures], [StatusiKalkulimit], [PershkrimShtese], [Rabati], [NrRendorFatures], [EshteFaturuarOferta], [IDBonusKartela]) VALUES (29, '2024-10-05T13:11:48.996Z', 9, 7.53, 0, 15, 'E Paguar', 'Cash', 'PAGES', NULL, 'true', 'Pagesa e Borgjit', 0, 0, 'false', NULL);
INSERT INTO [dbo].[Faturat] ([IDRegjistrimit], [DataRegjistrimit], [StafiID], [TotaliPaTVSH], [TVSH], [IDPartneri], [StatusiPageses], [LlojiPageses], [LlojiKalkulimit], [NrFatures], [StatusiKalkulimit], [PershkrimShtese], [Rabati], [NrRendorFatures], [EshteFaturuarOferta], [IDBonusKartela]) VALUES (30, '2024-10-05T00:00:00.000Z', 9, -3.19, -0.57, 3, 'E Paguar', 'Cash', 'AS', '1', 'true', '', 0, 1, 'false', NULL);
INSERT INTO [dbo].[Faturat] ([IDRegjistrimit], [DataRegjistrimit], [StafiID], [TotaliPaTVSH], [TVSH], [IDPartneri], [StatusiPageses], [LlojiPageses], [LlojiKalkulimit], [NrFatures], [StatusiKalkulimit], [PershkrimShtese], [Rabati], [NrRendorFatures], [EshteFaturuarOferta], [IDBonusKartela]) VALUES (37, '2024-10-06T00:44:58.255Z', 9, 5.01, 0.83, 1, 'E Paguar', 'Cash', 'PARAGON', '061024-9-1', 'true', '', 0, 1, 'false', NULL);
INSERT INTO [dbo].[Faturat] ([IDRegjistrimit], [DataRegjistrimit], [StafiID], [TotaliPaTVSH], [TVSH], [IDPartneri], [StatusiPageses], [LlojiPageses], [LlojiKalkulimit], [NrFatures], [StatusiKalkulimit], [PershkrimShtese], [Rabati], [NrRendorFatures], [EshteFaturuarOferta], [IDBonusKartela]) VALUES (38, '2024-10-06T00:46:33.136Z', 9, 3.66, 0.66, 15, 'E Paguar', 'Cash', 'PARAGON', '061024-9-2', 'false', '', 0.18, 2, 'false', 5);
INSERT INTO [dbo].[Faturat] ([IDRegjistrimit], [DataRegjistrimit], [StafiID], [TotaliPaTVSH], [TVSH], [IDPartneri], [StatusiPageses], [LlojiPageses], [LlojiKalkulimit], [NrFatures], [StatusiKalkulimit], [PershkrimShtese], [Rabati], [NrRendorFatures], [EshteFaturuarOferta], [IDBonusKartela]) VALUES (42, '2024-10-07T02:04:54.322Z', 9, 0, 0, 1, 'E Paguar', 'Cash', 'PARAGON', '071024-9-1', 'false', '', 0, 1, 'false', NULL);
SET IDENTITY_INSERT [dbo].[Faturat] OFF;
INSERT INTO [dbo].[StokuQmimiProduktit] ([ProduktiID], [SasiaNeStok], [QmimiBleres], [QmimiProduktit], [DataKrijimit], [DataPerditsimit], [QmimiMeShumic]) VALUES (1, 12, 2.39, 3.25, '2024-10-03T11:56:02.006Z', '2024-10-04T00:22:08.967Z', 3.25);
INSERT INTO [dbo].[StokuQmimiProduktit] ([ProduktiID], [SasiaNeStok], [QmimiBleres], [QmimiProduktit], [DataKrijimit], [DataPerditsimit], [QmimiMeShumic]) VALUES (2, 12, 2.39, 3.25, '2024-10-03T11:57:01.277Z', '2024-10-04T00:22:08.956Z', 3.25);
INSERT INTO [dbo].[StokuQmimiProduktit] ([ProduktiID], [SasiaNeStok], [QmimiBleres], [QmimiProduktit], [DataKrijimit], [DataPerditsimit], [QmimiMeShumic]) VALUES (3, 12, 2.39, 3.25, '2024-10-03T11:59:25.849Z', '2024-10-04T00:22:08.944Z', 3.25);
INSERT INTO [dbo].[StokuQmimiProduktit] ([ProduktiID], [SasiaNeStok], [QmimiBleres], [QmimiProduktit], [DataKrijimit], [DataPerditsimit], [QmimiMeShumic]) VALUES (4, 12, 2.39, 3.25, '2024-10-03T12:00:05.983Z', '2024-10-04T00:22:08.930Z', 3.25);
INSERT INTO [dbo].[StokuQmimiProduktit] ([ProduktiID], [SasiaNeStok], [QmimiBleres], [QmimiProduktit], [DataKrijimit], [DataPerditsimit], [QmimiMeShumic]) VALUES (5, 10, 2.39, 3.25, '2024-10-03T12:00:52.936Z', '2024-10-07T02:01:49.840Z', 3.25);
INSERT INTO [dbo].[StokuQmimiProduktit] ([ProduktiID], [SasiaNeStok], [QmimiBleres], [QmimiProduktit], [DataKrijimit], [DataPerditsimit], [QmimiMeShumic]) VALUES (6, 24, 1.13, 1.49, '2024-10-03T12:03:59.364Z', '2024-10-04T00:22:08.902Z', 1.49);
INSERT INTO [dbo].[StokuQmimiProduktit] ([ProduktiID], [SasiaNeStok], [QmimiBleres], [QmimiProduktit], [DataKrijimit], [DataPerditsimit], [QmimiMeShumic]) VALUES (7, 56, 0.6, 0.79, '2024-10-03T12:06:02.958Z', '2024-10-04T00:22:08.890Z', 0.79);
INSERT INTO [dbo].[StokuQmimiProduktit] ([ProduktiID], [SasiaNeStok], [QmimiBleres], [QmimiProduktit], [DataKrijimit], [DataPerditsimit], [QmimiMeShumic]) VALUES (8, 30, 0.3, 0.39, '2024-10-03T12:08:20.857Z', '2024-10-04T00:22:08.874Z', 0.39);
INSERT INTO [dbo].[StokuQmimiProduktit] ([ProduktiID], [SasiaNeStok], [QmimiBleres], [QmimiProduktit], [DataKrijimit], [DataPerditsimit], [QmimiMeShumic]) VALUES (9, 8, 0.94, 1.25, '2024-10-03T12:09:33.641Z', '2024-10-05T13:22:50.400Z', 1.2);
INSERT INTO [dbo].[StokuQmimiProduktit] ([ProduktiID], [SasiaNeStok], [QmimiBleres], [QmimiProduktit], [DataKrijimit], [DataPerditsimit], [QmimiMeShumic]) VALUES (10, 20, 2.01, 2.59, '2024-10-03T12:10:24.582Z', '2024-10-05T11:19:28.893Z', 2.59);
INSERT INTO [dbo].[StokuQmimiProduktit] ([ProduktiID], [SasiaNeStok], [QmimiBleres], [QmimiProduktit], [DataKrijimit], [DataPerditsimit], [QmimiMeShumic]) VALUES (11, -1, 3.97, 5.09, '2024-10-03T12:10:59.833Z', '2024-10-06T00:46:32.129Z', 5.09);
INSERT INTO [dbo].[StokuQmimiProduktit] ([ProduktiID], [SasiaNeStok], [QmimiBleres], [QmimiProduktit], [DataKrijimit], [DataPerditsimit], [QmimiMeShumic]) VALUES (12, 32, 1.35, 1.8, '2024-10-03T12:14:01.247Z', '2024-10-04T23:35:38.413Z', 1.8);
INSERT INTO [dbo].[StokuQmimiProduktit] ([ProduktiID], [SasiaNeStok], [QmimiBleres], [QmimiProduktit], [DataKrijimit], [DataPerditsimit], [QmimiMeShumic]) VALUES (13, 48, 3.22, 4.19, '2024-10-03T12:14:42.083Z', '2024-10-04T23:35:38.397Z', 4.19);
INSERT INTO [dbo].[StokuQmimiProduktit] ([ProduktiID], [SasiaNeStok], [QmimiBleres], [QmimiProduktit], [DataKrijimit], [DataPerditsimit], [QmimiMeShumic]) VALUES (14, 24, 1.75, 2.25, '2024-10-03T12:15:21.264Z', '2024-10-04T23:35:38.371Z', 2.25);
INSERT INTO [dbo].[StokuQmimiProduktit] ([ProduktiID], [SasiaNeStok], [QmimiBleres], [QmimiProduktit], [DataKrijimit], [DataPerditsimit], [QmimiMeShumic]) VALUES (15, 0, 0, 0, '2024-10-03T12:16:07.403Z', '2024-10-03T12:16:07.403Z', 0);
INSERT INTO [dbo].[StokuQmimiProduktit] ([ProduktiID], [SasiaNeStok], [QmimiBleres], [QmimiProduktit], [DataKrijimit], [DataPerditsimit], [QmimiMeShumic]) VALUES (16, 0, 0, 0, '2024-10-03T23:51:27.907Z', '2024-10-03T23:51:27.908Z', 0);
INSERT INTO [dbo].[StokuQmimiProduktit] ([ProduktiID], [SasiaNeStok], [QmimiBleres], [QmimiProduktit], [DataKrijimit], [DataPerditsimit], [QmimiMeShumic]) VALUES (17, 9, 0.74, 0.95, '2024-10-03T23:54:03.114Z', '2024-10-05T13:07:26.058Z', 0.95);
INSERT INTO [dbo].[StokuQmimiProduktit] ([ProduktiID], [SasiaNeStok], [QmimiBleres], [QmimiProduktit], [DataKrijimit], [DataPerditsimit], [QmimiMeShumic]) VALUES (18, 55, 1.39, 1.65, '2024-10-03T23:54:46.533Z', '2024-10-05T12:20:11.877Z', 1.65);
INSERT INTO [dbo].[StokuQmimiProduktit] ([ProduktiID], [SasiaNeStok], [QmimiBleres], [QmimiProduktit], [DataKrijimit], [DataPerditsimit], [QmimiMeShumic]) VALUES (19, 1, 1.67, 2.15, '2024-10-03T23:55:21.851Z', '2024-10-05T13:08:10.480Z', 2.15);
INSERT INTO [dbo].[StokuQmimiProduktit] ([ProduktiID], [SasiaNeStok], [QmimiBleres], [QmimiProduktit], [DataKrijimit], [DataPerditsimit], [QmimiMeShumic]) VALUES (20, 4, 1.21, 1.55, '2024-10-03T23:56:16.928Z', '2024-10-04T23:45:29.172Z', 1.55);
INSERT INTO [dbo].[StokuQmimiProduktit] ([ProduktiID], [SasiaNeStok], [QmimiBleres], [QmimiProduktit], [DataKrijimit], [DataPerditsimit], [QmimiMeShumic]) VALUES (21, 60, 0.93, 1.19, '2024-10-03T23:57:50.810Z', '2024-10-04T23:51:53.952Z', 1.19);
INSERT INTO [dbo].[StokuQmimiProduktit] ([ProduktiID], [SasiaNeStok], [QmimiBleres], [QmimiProduktit], [DataKrijimit], [DataPerditsimit], [QmimiMeShumic]) VALUES (22, 60, 0.93, 1.19, '2024-10-03T23:59:36.878Z', '2024-10-04T23:51:53.934Z', 1.19);
INSERT INTO [dbo].[StokuQmimiProduktit] ([ProduktiID], [SasiaNeStok], [QmimiBleres], [QmimiProduktit], [DataKrijimit], [DataPerditsimit], [QmimiMeShumic]) VALUES (23, 12, 1.3, 1.55, '2024-10-04T00:01:10.550Z', '2024-10-04T23:55:48.812Z', 1.55);
INSERT INTO [dbo].[StokuQmimiProduktit] ([ProduktiID], [SasiaNeStok], [QmimiBleres], [QmimiProduktit], [DataKrijimit], [DataPerditsimit], [QmimiMeShumic]) VALUES (24, 8, 0.62, 0.75, '2024-10-04T00:02:04.565Z', '2024-10-06T00:46:32.111Z', 0.75);
INSERT INTO [dbo].[StokuQmimiProduktit] ([ProduktiID], [SasiaNeStok], [QmimiBleres], [QmimiProduktit], [DataKrijimit], [DataPerditsimit], [QmimiMeShumic]) VALUES (25, 0, 0, 0, '2024-10-04T00:03:15.374Z', '2024-10-04T00:03:15.374Z', 0);
INSERT INTO [dbo].[StokuQmimiProduktit] ([ProduktiID], [SasiaNeStok], [QmimiBleres], [QmimiProduktit], [DataKrijimit], [DataPerditsimit], [QmimiMeShumic]) VALUES (26, 0, 0, 0, '2024-10-04T00:03:53.824Z', '2024-10-04T00:03:53.824Z', 0);
INSERT INTO [dbo].[ZbritjaQmimitProduktit] ([ProduktiID], [DataZbritjes], [DataSkadimit], [Rabati]) VALUES (1, '2024-10-05T13:13:26.243Z', '2024-11-05T00:00:00.000Z', 6);
INSERT INTO [dbo].[ZbritjaQmimitProduktit] ([ProduktiID], [DataZbritjes], [DataSkadimit], [Rabati]) VALUES (4, '2024-10-05T13:13:47.744Z', '2024-11-05T00:00:00.000Z', 6);
SET IDENTITY_INSERT [dbo].[TeDhenatFaturat] ON;
INSERT INTO [dbo].[TeDhenatFaturat] ([ID], [IDRegjistrimit], [IDProduktit], [SasiaStokut], [QmimiBleres], [QmimiShites], [QmimiShitesMeShumic], [Rabati1], [Rabati2], [Rabati3]) VALUES (1, 1, 1, 12, 2.39, 3.25, 3.25, 0, 0, 0);
INSERT INTO [dbo].[TeDhenatFaturat] ([ID], [IDRegjistrimit], [IDProduktit], [SasiaStokut], [QmimiBleres], [QmimiShites], [QmimiShitesMeShumic], [Rabati1], [Rabati2], [Rabati3]) VALUES (2, 1, 2, 12, 2.39, 3.25, 3.25, 0, 0, 0);
INSERT INTO [dbo].[TeDhenatFaturat] ([ID], [IDRegjistrimit], [IDProduktit], [SasiaStokut], [QmimiBleres], [QmimiShites], [QmimiShitesMeShumic], [Rabati1], [Rabati2], [Rabati3]) VALUES (4, 1, 3, 12, 2.39, 3.25, 3.25, 0, 0, 0);
INSERT INTO [dbo].[TeDhenatFaturat] ([ID], [IDRegjistrimit], [IDProduktit], [SasiaStokut], [QmimiBleres], [QmimiShites], [QmimiShitesMeShumic], [Rabati1], [Rabati2], [Rabati3]) VALUES (5, 1, 4, 12, 2.39, 3.25, 3.25, 0, 0, 0);
INSERT INTO [dbo].[TeDhenatFaturat] ([ID], [IDRegjistrimit], [IDProduktit], [SasiaStokut], [QmimiBleres], [QmimiShites], [QmimiShitesMeShumic], [Rabati1], [Rabati2], [Rabati3]) VALUES (6, 1, 5, 2, 2.39, 3.25, 3.25, 0, 0, 0);
INSERT INTO [dbo].[TeDhenatFaturat] ([ID], [IDRegjistrimit], [IDProduktit], [SasiaStokut], [QmimiBleres], [QmimiShites], [QmimiShitesMeShumic], [Rabati1], [Rabati2], [Rabati3]) VALUES (7, 1, 6, 24, 1.13, 1.49, 1.49, 0, 0, 0);
INSERT INTO [dbo].[TeDhenatFaturat] ([ID], [IDRegjistrimit], [IDProduktit], [SasiaStokut], [QmimiBleres], [QmimiShites], [QmimiShitesMeShumic], [Rabati1], [Rabati2], [Rabati3]) VALUES (8, 1, 7, 56, 0.6, 0.79, 0.79, 0, 0, 0);
INSERT INTO [dbo].[TeDhenatFaturat] ([ID], [IDRegjistrimit], [IDProduktit], [SasiaStokut], [QmimiBleres], [QmimiShites], [QmimiShitesMeShumic], [Rabati1], [Rabati2], [Rabati3]) VALUES (9, 1, 8, 30, 0.3, 0.39, 0.39, 0, 0, 0);
INSERT INTO [dbo].[TeDhenatFaturat] ([ID], [IDRegjistrimit], [IDProduktit], [SasiaStokut], [QmimiBleres], [QmimiShites], [QmimiShitesMeShumic], [Rabati1], [Rabati2], [Rabati3]) VALUES (10, 3, 9, 12, 0.94, 1.25, 1.2, 0, 0, 0);
INSERT INTO [dbo].[TeDhenatFaturat] ([ID], [IDRegjistrimit], [IDProduktit], [SasiaStokut], [QmimiBleres], [QmimiShites], [QmimiShitesMeShumic], [Rabati1], [Rabati2], [Rabati3]) VALUES (12, 3, 10, 24, 2.01, 2.59, 2.59, 0, 0, 0);
INSERT INTO [dbo].[TeDhenatFaturat] ([ID], [IDRegjistrimit], [IDProduktit], [SasiaStokut], [QmimiBleres], [QmimiShites], [QmimiShitesMeShumic], [Rabati1], [Rabati2], [Rabati3]) VALUES (14, 3, 11, 12, 3.97, 5.09, 5.09, 0, 0, 0);
INSERT INTO [dbo].[TeDhenatFaturat] ([ID], [IDRegjistrimit], [IDProduktit], [SasiaStokut], [QmimiBleres], [QmimiShites], [QmimiShitesMeShumic], [Rabati1], [Rabati2], [Rabati3]) VALUES (15, 4, 12, 32, 1.35, 1.8, 1.8, 0, 0, 0);
INSERT INTO [dbo].[TeDhenatFaturat] ([ID], [IDRegjistrimit], [IDProduktit], [SasiaStokut], [QmimiBleres], [QmimiShites], [QmimiShitesMeShumic], [Rabati1], [Rabati2], [Rabati3]) VALUES (16, 4, 13, 48, 3.22, 4.19, 4.19, 0, 0, 0);
INSERT INTO [dbo].[TeDhenatFaturat] ([ID], [IDRegjistrimit], [IDProduktit], [SasiaStokut], [QmimiBleres], [QmimiShites], [QmimiShitesMeShumic], [Rabati1], [Rabati2], [Rabati3]) VALUES (17, 4, 14, 24, 1.75, 2.25, 2.25, 0, 0, 0);
INSERT INTO [dbo].[TeDhenatFaturat] ([ID], [IDRegjistrimit], [IDProduktit], [SasiaStokut], [QmimiBleres], [QmimiShites], [QmimiShitesMeShumic], [Rabati1], [Rabati2], [Rabati3]) VALUES (19, 5, 16, 60, 1.42, 1.85, 1.85, 0, 0, 0);
INSERT INTO [dbo].[TeDhenatFaturat] ([ID], [IDRegjistrimit], [IDProduktit], [SasiaStokut], [QmimiBleres], [QmimiShites], [QmimiShitesMeShumic], [Rabati1], [Rabati2], [Rabati3]) VALUES (20, 5, 15, 60, 1.42, 1.85, 1.85, 0, 0, 0);
INSERT INTO [dbo].[TeDhenatFaturat] ([ID], [IDRegjistrimit], [IDProduktit], [SasiaStokut], [QmimiBleres], [QmimiShites], [QmimiShitesMeShumic], [Rabati1], [Rabati2], [Rabati3]) VALUES (21, 6, 17, 25, 0.74, 0.95, 0.95, 0, 0, 0);
INSERT INTO [dbo].[TeDhenatFaturat] ([ID], [IDRegjistrimit], [IDProduktit], [SasiaStokut], [QmimiBleres], [QmimiShites], [QmimiShitesMeShumic], [Rabati1], [Rabati2], [Rabati3]) VALUES (22, 6, 18, 75, 1.39, 1.65, 1.65, 0, 0, 0);
INSERT INTO [dbo].[TeDhenatFaturat] ([ID], [IDRegjistrimit], [IDProduktit], [SasiaStokut], [QmimiBleres], [QmimiShites], [QmimiShitesMeShumic], [Rabati1], [Rabati2], [Rabati3]) VALUES (23, 6, 19, 4, 1.67, 2.15, 2.15, 0, 0, 0);
INSERT INTO [dbo].[TeDhenatFaturat] ([ID], [IDRegjistrimit], [IDProduktit], [SasiaStokut], [QmimiBleres], [QmimiShites], [QmimiShitesMeShumic], [Rabati1], [Rabati2], [Rabati3]) VALUES (24, 6, 20, 4, 1.21, 1.55, 1.55, 0, 0, 0);
INSERT INTO [dbo].[TeDhenatFaturat] ([ID], [IDRegjistrimit], [IDProduktit], [SasiaStokut], [QmimiBleres], [QmimiShites], [QmimiShitesMeShumic], [Rabati1], [Rabati2], [Rabati3]) VALUES (25, 7, 21, 60, 0.93, 1.19, 1.19, 0, 0, 0);
INSERT INTO [dbo].[TeDhenatFaturat] ([ID], [IDRegjistrimit], [IDProduktit], [SasiaStokut], [QmimiBleres], [QmimiShites], [QmimiShitesMeShumic], [Rabati1], [Rabati2], [Rabati3]) VALUES (26, 7, 22, 60, 0.93, 1.19, 1.19, 0, 0, 0);
INSERT INTO [dbo].[TeDhenatFaturat] ([ID], [IDRegjistrimit], [IDProduktit], [SasiaStokut], [QmimiBleres], [QmimiShites], [QmimiShitesMeShumic], [Rabati1], [Rabati2], [Rabati3]) VALUES (27, 8, 24, 20, 0.62, 0.75, 0.75, 0, 0, 0);
INSERT INTO [dbo].[TeDhenatFaturat] ([ID], [IDRegjistrimit], [IDProduktit], [SasiaStokut], [QmimiBleres], [QmimiShites], [QmimiShitesMeShumic], [Rabati1], [Rabati2], [Rabati3]) VALUES (28, 8, 23, 12, 1.3, 1.55, 1.55, 0, 0, 0);
INSERT INTO [dbo].[TeDhenatFaturat] ([ID], [IDRegjistrimit], [IDProduktit], [SasiaStokut], [QmimiBleres], [QmimiShites], [QmimiShitesMeShumic], [Rabati1], [Rabati2], [Rabati3]) VALUES (30, 15, 11, 2, -3.97, 5.09, 5.09, 0, 0, 0);
INSERT INTO [dbo].[TeDhenatFaturat] ([ID], [IDRegjistrimit], [IDProduktit], [SasiaStokut], [QmimiBleres], [QmimiShites], [QmimiShitesMeShumic], [Rabati1], [Rabati2], [Rabati3]) VALUES (31, 15, 10, 4, -2.01, 2.59, 2.59, 0, 0, 0);
INSERT INTO [dbo].[TeDhenatFaturat] ([ID], [IDRegjistrimit], [IDProduktit], [SasiaStokut], [QmimiBleres], [QmimiShites], [QmimiShitesMeShumic], [Rabati1], [Rabati2], [Rabati3]) VALUES (34, 17, 5, 13, 2.39, 3.25, 3.25, 0, 2, 0);
INSERT INTO [dbo].[TeDhenatFaturat] ([ID], [IDRegjistrimit], [IDProduktit], [SasiaStokut], [QmimiBleres], [QmimiShites], [QmimiShitesMeShumic], [Rabati1], [Rabati2], [Rabati3]) VALUES (35, 17, 11, 12, 3.97, 5.09, 5.09, 0, 2, 0);
INSERT INTO [dbo].[TeDhenatFaturat] ([ID], [IDRegjistrimit], [IDProduktit], [SasiaStokut], [QmimiBleres], [QmimiShites], [QmimiShitesMeShumic], [Rabati1], [Rabati2], [Rabati3]) VALUES (36, 17, 17, 15, 0.74, 0.95, 0.95, 0, 2, 0);
INSERT INTO [dbo].[TeDhenatFaturat] ([ID], [IDRegjistrimit], [IDProduktit], [SasiaStokut], [QmimiBleres], [QmimiShites], [QmimiShitesMeShumic], [Rabati1], [Rabati2], [Rabati3]) VALUES (37, 17, 24, 10, 0.62, 0.75, 0.75, 0, 2, 0);
INSERT INTO [dbo].[TeDhenatFaturat] ([ID], [IDRegjistrimit], [IDProduktit], [SasiaStokut], [QmimiBleres], [QmimiShites], [QmimiShitesMeShumic], [Rabati1], [Rabati2], [Rabati3]) VALUES (38, 17, 18, 20, 1.39, 1.65, 1.65, 0, 2, 2);
INSERT INTO [dbo].[TeDhenatFaturat] ([ID], [IDRegjistrimit], [IDProduktit], [SasiaStokut], [QmimiBleres], [QmimiShites], [QmimiShitesMeShumic], [Rabati1], [Rabati2], [Rabati3]) VALUES (39, 18, 18, 20, 1.39, 1.65, 1.65, 0, 2, 2);
INSERT INTO [dbo].[TeDhenatFaturat] ([ID], [IDRegjistrimit], [IDProduktit], [SasiaStokut], [QmimiBleres], [QmimiShites], [QmimiShitesMeShumic], [Rabati1], [Rabati2], [Rabati3]) VALUES (40, 18, 24, 10, 0.62, 0.75, 0.75, 0, 2, 0);
INSERT INTO [dbo].[TeDhenatFaturat] ([ID], [IDRegjistrimit], [IDProduktit], [SasiaStokut], [QmimiBleres], [QmimiShites], [QmimiShitesMeShumic], [Rabati1], [Rabati2], [Rabati3]) VALUES (41, 18, 17, 15, 0.74, 0.95, 0.95, 0, 2, 0);
INSERT INTO [dbo].[TeDhenatFaturat] ([ID], [IDRegjistrimit], [IDProduktit], [SasiaStokut], [QmimiBleres], [QmimiShites], [QmimiShitesMeShumic], [Rabati1], [Rabati2], [Rabati3]) VALUES (42, 18, 11, 12, 3.97, 5.09, 5.09, 0, 2, 0);
INSERT INTO [dbo].[TeDhenatFaturat] ([ID], [IDRegjistrimit], [IDProduktit], [SasiaStokut], [QmimiBleres], [QmimiShites], [QmimiShitesMeShumic], [Rabati1], [Rabati2], [Rabati3]) VALUES (43, 18, 5, 13, 2.39, 3.25, 3.25, 0, 2, 0);
INSERT INTO [dbo].[TeDhenatFaturat] ([ID], [IDRegjistrimit], [IDProduktit], [SasiaStokut], [QmimiBleres], [QmimiShites], [QmimiShitesMeShumic], [Rabati1], [Rabati2], [Rabati3]) VALUES (44, 19, 11, 2, 3.97, -5.09, 5.09, 0, 2, 0);
INSERT INTO [dbo].[TeDhenatFaturat] ([ID], [IDRegjistrimit], [IDProduktit], [SasiaStokut], [QmimiBleres], [QmimiShites], [QmimiShitesMeShumic], [Rabati1], [Rabati2], [Rabati3]) VALUES (45, 19, 5, 11, 2.39, -3.25, 3.25, 0, 2, 0);
INSERT INTO [dbo].[TeDhenatFaturat] ([ID], [IDRegjistrimit], [IDProduktit], [SasiaStokut], [QmimiBleres], [QmimiShites], [QmimiShitesMeShumic], [Rabati1], [Rabati2], [Rabati3]) VALUES (47, 23, 11, 1, 0, 5.09, 5.09, 0, 4, 0);
INSERT INTO [dbo].[TeDhenatFaturat] ([ID], [IDRegjistrimit], [IDProduktit], [SasiaStokut], [QmimiBleres], [QmimiShites], [QmimiShitesMeShumic], [Rabati1], [Rabati2], [Rabati3]) VALUES (48, 23, 19, 1, 0, 2.15, 2.15, 0, 4, 0);
INSERT INTO [dbo].[TeDhenatFaturat] ([ID], [IDRegjistrimit], [IDProduktit], [SasiaStokut], [QmimiBleres], [QmimiShites], [QmimiShitesMeShumic], [Rabati1], [Rabati2], [Rabati3]) VALUES (49, 23, 17, 1, 0, 0.95, 0.95, 0, 4, 0);
INSERT INTO [dbo].[TeDhenatFaturat] ([ID], [IDRegjistrimit], [IDProduktit], [SasiaStokut], [QmimiBleres], [QmimiShites], [QmimiShitesMeShumic], [Rabati1], [Rabati2], [Rabati3]) VALUES (50, 24, 5, 1, 0, 3.25, 3.25, NULL, 0, 0);
INSERT INTO [dbo].[TeDhenatFaturat] ([ID], [IDRegjistrimit], [IDProduktit], [SasiaStokut], [QmimiBleres], [QmimiShites], [QmimiShitesMeShumic], [Rabati1], [Rabati2], [Rabati3]) VALUES (51, 24, 19, 1, 0, 2.15, 2.15, NULL, 0, 0);
INSERT INTO [dbo].[TeDhenatFaturat] ([ID], [IDRegjistrimit], [IDProduktit], [SasiaStokut], [QmimiBleres], [QmimiShites], [QmimiShitesMeShumic], [Rabati1], [Rabati2], [Rabati3]) VALUES (52, 24, 24, 1, 0, 0.75, 0.75, NULL, 0, 0);
INSERT INTO [dbo].[TeDhenatFaturat] ([ID], [IDRegjistrimit], [IDProduktit], [SasiaStokut], [QmimiBleres], [QmimiShites], [QmimiShitesMeShumic], [Rabati1], [Rabati2], [Rabati3]) VALUES (53, 25, 11, 1, 0, 5.09, 5.09, 0, 4, 0);
INSERT INTO [dbo].[TeDhenatFaturat] ([ID], [IDRegjistrimit], [IDProduktit], [SasiaStokut], [QmimiBleres], [QmimiShites], [QmimiShitesMeShumic], [Rabati1], [Rabati2], [Rabati3]) VALUES (54, 25, 5, 1, 0, 3.25, 3.25, 0, 4, 0);
INSERT INTO [dbo].[TeDhenatFaturat] ([ID], [IDRegjistrimit], [IDProduktit], [SasiaStokut], [QmimiBleres], [QmimiShites], [QmimiShitesMeShumic], [Rabati1], [Rabati2], [Rabati3]) VALUES (55, 25, 19, 1, 0, 2.15, 2.15, 0, 4, 0);
INSERT INTO [dbo].[TeDhenatFaturat] ([ID], [IDRegjistrimit], [IDProduktit], [SasiaStokut], [QmimiBleres], [QmimiShites], [QmimiShitesMeShumic], [Rabati1], [Rabati2], [Rabati3]) VALUES (56, 28, 11, 2, 3.97, 5.09, 5.09, 0, 0, 0);
INSERT INTO [dbo].[TeDhenatFaturat] ([ID], [IDRegjistrimit], [IDProduktit], [SasiaStokut], [QmimiBleres], [QmimiShites], [QmimiShitesMeShumic], [Rabati1], [Rabati2], [Rabati3]) VALUES (57, 30, 9, 4, -0.94, 1.25, 1.2, 0, 0, 0);
INSERT INTO [dbo].[TeDhenatFaturat] ([ID], [IDRegjistrimit], [IDProduktit], [SasiaStokut], [QmimiBleres], [QmimiShites], [QmimiShitesMeShumic], [Rabati1], [Rabati2], [Rabati3]) VALUES (65, 37, 11, 1, 0, 5.09, 5.09, NULL, 0, 0);
INSERT INTO [dbo].[TeDhenatFaturat] ([ID], [IDRegjistrimit], [IDProduktit], [SasiaStokut], [QmimiBleres], [QmimiShites], [QmimiShitesMeShumic], [Rabati1], [Rabati2], [Rabati3]) VALUES (66, 37, 24, 1, 0, 0.75, 0.75, NULL, 0, 0);
INSERT INTO [dbo].[TeDhenatFaturat] ([ID], [IDRegjistrimit], [IDProduktit], [SasiaStokut], [QmimiBleres], [QmimiShites], [QmimiShitesMeShumic], [Rabati1], [Rabati2], [Rabati3]) VALUES (67, 38, 5, 1, 0, 3.25, 3.25, 0, 4, 0);
INSERT INTO [dbo].[TeDhenatFaturat] ([ID], [IDRegjistrimit], [IDProduktit], [SasiaStokut], [QmimiBleres], [QmimiShites], [QmimiShitesMeShumic], [Rabati1], [Rabati2], [Rabati3]) VALUES (68, 38, 9, 1, 0, 1.25, 1.2, 0, 4, 0);
SET IDENTITY_INSERT [dbo].[TeDhenatFaturat] OFF;
SET IDENTITY_INSERT [dbo].[HistoriaZbritjeveProduktit] ON;
INSERT INTO [dbo].[HistoriaZbritjeveProduktit] ([HistoriaZbritjesProduktitID], [ProduktiID], [DataZbritjes], [DataSkadimit], [Rabati]) VALUES (0, 1, '2024-10-05T13:14:26.243Z', '2024-11-05T00:00:00.000Z', 6);
INSERT INTO [dbo].[HistoriaZbritjeveProduktit] ([HistoriaZbritjesProduktitID], [ProduktiID], [DataZbritjes], [DataSkadimit], [Rabati]) VALUES (1, 1, '2024-09-05T13:13:26.243Z', '2024-10-05T00:00:00.000Z', 2);
INSERT INTO [dbo].[HistoriaZbritjeveProduktit] ([HistoriaZbritjesProduktitID], [ProduktiID], [DataZbritjes], [DataSkadimit], [Rabati]) VALUES (2, 4, '2024-10-05T13:13:47.744Z', '2024-11-05T00:00:00.000Z', 6);
SET IDENTITY_INSERT [dbo].[HistoriaZbritjeveProduktit] OFF;
